Gene,Phase C p-value,Phase C effect,Phase C fold-change,Phase D p-value,Phase D effect,Pct cells,Phase,Highly expressed C+,Highly expressed C-,De-repressed phase D,Case-control p-value,Case-control fold-change
AAK1,1.31e-13,0.0007164014,1.113,0.000421,0.1158024,100.0,C+,Y,N,N,2.6e-05,1.116
AC004158.1,3.74e-23,0.002635269,1.485,5.5e-13,0.651451,83.96,C+,N,N,N,0.191,1.07
AC005154.1,2.66e-20,0.001395164,1.233,0.0415,0.1070433,98.18,C+,Y,N,N,0.0264,0.94
AC005562.1,3.13e-12,0.001376874,1.229,0.696,0.02701825,92.41,C+,Y,N,N,0.155,0.97
AC010615.4,2.86e-13,0.001315201,1.218,0.000125,0.2351401,97.8,C+,Y,N,N,1.03e-07,1.419
AC024901.1,4.33e-11,0.00296853,1.561,0.00273,0.4484777,63.64,C+,N,N,N,3.13e-05,1.585
AC026790.1,3.8e-15,0.002517529,1.459,1.36e-05,0.4816357,71.45,C+,N,N,N,6.92e-07,1.578
AC034226.1,1.79e-19,0.006773916,2.762,8.72e-07,1.275166,17.59,C+,N,N,N,0.000401,2.104
AC093890.1,6.28e-14,0.003187149,1.613,0.942,-0.01084099,54.66,C+,N,N,N,0.02,1.345
AC097515.1,6.29e-13,0.00248264,1.451,0.0397,0.2416301,72.35,C+,N,N,N,0.82,1.03
AC104090.1,1.11e-18,0.003424781,1.671,0.128,0.2043871,59.54,C+,N,N,N,0.0929,1.19
ACVR2A,1.43e-12,0.001764564,1.303,0.438,-0.06647664,87.64,C+,N,N,N,0.000116,1.201
ADAM22,2.62e-11,0.000757641,1.12,0.739,0.01280278,99.96,C+,Y,N,N,0.000158,1.1
ADD3,1.26e-13,0.001323677,1.22,7.02e-05,0.238864,98.39,C+,Y,N,N,6.69e-09,1.371
ADGRL2,2e-15,0.001274135,1.211,0.611,0.02714501,99.86,C+,Y,N,N,0.000458,1.158
AEBP2,1.31e-39,0.001953975,1.341,3.41e-05,0.2061064,99.98,C+,Y,N,N,8.25e-06,1.225
AFDN,4.06e-17,0.001543999,1.261,0.617,0.03158734,96.25,C+,Y,N,N,0.00055,1.144
AGTPBP1,2.86e-16,0.001237378,1.204,0.00615,0.141426,99.45,C+,Y,N,N,1.52e-05,1.147
AKAP13,1.15e-12,0.001160625,1.19,0.000444,0.195733,98.29,C+,Y,N,N,0.000315,1.131
AKAP6,6.41e-14,0.0006001817,1.094,0.54,-0.01643141,100.0,C+,Y,N,N,0.507,0.983
AKT3,3.03e-17,0.0009318141,1.15,0.0022,0.113093,100.0,C+,Y,N,N,0.129,0.96
AL359710.1,2.97e-16,0.00262921,1.483,0.000202,0.4005486,82.45,C+,N,N,N,0.00304,1.187
AL589740.1,2.79e-49,0.002138725,1.378,3.84e-06,0.2221875,99.71,C+,Y,N,N,0.803,1.016
ANK2,1.83e-28,0.0007891385,1.126,0.0806,0.04162889,100.0,C+,Y,N,N,0.000298,1.109
ANK3,5.89e-19,0.0005570427,1.087,0.609,-0.01067551,100.0,C+,Y,N,N,5.96e-10,1.195
ANKH,1.85e-11,0.001082571,1.176,0.0859,0.09340355,99.35,C+,Y,N,N,0.000106,1.176
ANKIB1,6.46e-12,0.0007578356,1.12,0.00182,0.1162418,99.98,C+,Y,N,N,0.000894,1.063
ANKRD17,3.85e-22,0.0008641265,1.138,0.988,0.0004710457,99.98,C+,Y,N,N,2.6e-05,1.119
APTX,6.62e-11,0.00136628,1.227,4.55e-05,0.2932599,90.29,C+,Y,N,N,0.891,0.983
ARFGEF1,4.35e-16,0.001002659,1.162,2.99e-09,0.2495064,99.9,C+,Y,N,N,7e-06,1.121
ARFGEF3,5.59e-13,0.0009999845,1.162,0.472,0.03369682,99.92,C+,Y,N,N,0.0459,1.072
ARHGAP26,1.49e-16,0.0008936155,1.143,0.766,0.01075807,100.0,C+,Y,N,N,0.0015,1.136
ARHGEF12,2.47e-13,0.0009354836,1.151,7.97e-06,0.1940475,99.69,C+,Y,N,N,2.12e-07,1.192
ARHGEF26-AS1,5.56e-14,0.004110637,1.853,7.48e-05,0.741303,36.54,C+,N,N,N,7.44e-07,1.568
ARID4A,7.27e-11,0.0009761595,1.158,0.0262,0.11445,98.78,C+,Y,N,N,0.626,1.015
ARID4B,2.46e-15,0.0008480626,1.136,1.65e-10,0.2334821,100.0,C+,Y,N,N,0.00843,1.077
ARIH1,5.93e-12,0.000809846,1.129,0.0195,0.093885,99.9,C+,Y,N,N,0.0124,1.057
ASTN1,2.05e-11,0.0007506258,1.119,0.381,0.03312489,99.94,C+,Y,N,N,0.0176,1.084
ATE1,8.87e-13,0.0009128313,1.147,0.097,0.07214143,99.88,C+,Y,N,N,0.0179,1.047
ATP1A3,2.02e-17,0.001736081,1.297,5.63e-09,0.4139517,88.61,C+,N,N,N,0.0362,1.197
ATP2A3,7.05e-18,0.007970571,3.305,3.9e-10,2.063894,6.1,C+,N,N,N,1.52e-05,1.98
ATP8A2,3.38e-24,0.0009535254,1.154,0.000102,0.122847,99.94,C+,Y,N,N,0.00529,1.095
ATP9B,1.25e-12,0.0009591545,1.155,0.125,0.07045673,99.84,C+,Y,N,N,0.0863,1.05
ATR,9.49e-15,0.001080607,1.176,0.00367,0.1381368,99.57,C+,Y,N,N,0.025,0.904
ATRX,2.08e-18,0.0009210593,1.148,2.37e-09,0.2131048,99.96,C+,Y,N,N,6.56e-06,1.121
BASP1,1.42e-15,0.001580978,1.268,3.73e-06,0.3121984,94.49,C+,Y,N,N,0.386,1.013
BDP1,3.61e-11,0.000754637,1.12,0.00314,0.1153556,99.92,C+,Y,N,N,0.342,0.969
BICD1,5.03e-12,0.001127983,1.184,0.144,0.08102978,99.02,C+,Y,N,N,0.000275,1.113
BICDL1,5.53e-12,0.001331149,1.221,0.242,0.07760746,96.04,C+,Y,N,N,0.925,0.989
BMPR2,8.16e-12,0.0007722132,1.123,0.00185,0.1187476,99.96,C+,Y,N,N,0.000103,1.084
BRAF,6e-11,0.0006458395,1.102,0.887,0.004742751,100.0,C+,Y,N,N,0.342,1.014
BRD1,4.48e-12,0.001284262,1.212,2.25e-07,0.3375213,90.55,C+,Y,N,N,0.0362,0.878
C5orf42,5.3e-13,0.0007986272,1.127,0.401,-0.03185707,99.98,C+,Y,N,N,0.636,1.007
CACNA1C,1.35e-11,0.0007270974,1.115,0.175,0.0483994,100.0,C+,Y,N,N,0.481,0.969
CACNA1D,7.72e-30,0.001118727,1.183,0.511,0.02208845,99.98,C+,Y,N,N,0.553,1.024
CADM2,2.33e-17,0.0006204492,1.098,0.0437,-0.04869466,100.0,C+,Y,N,N,0.0422,1.062
CADPS,1.74e-11,0.0008185291,1.131,0.97,0.001530867,100.0,C+,Y,N,N,0.00106,1.122
CAMSAP2,2.87e-21,0.001034534,1.168,0.648,0.01698792,99.98,C+,Y,N,N,0.00073,1.086
CAPN7,1.15e-16,0.001282919,1.212,3.35e-10,0.3316137,98.16,C+,Y,N,N,5.4e-05,1.128
CAPS2,1.84e-15,0.00228639,1.409,2.86e-06,0.4544798,82.23,C+,N,N,N,0.000659,1.218
CASC15,1.04e-16,0.001893411,1.328,0.362,0.07141097,90.19,C+,Y,N,N,0.897,1.004
CCDC192,2.75e-11,0.002320912,1.416,0.00514,0.3251285,64.48,C+,N,N,N,1.52e-05,0.663
CCPG1,7.48e-11,0.001159951,1.19,0.263,0.06876826,93.61,C+,Y,N,N,0.00161,0.873
CCSER1,3.75e-26,0.0011621,1.19,0.000323,0.1305019,100.0,C+,Y,N,N,0.00843,1.088
CDC42BPA,2.8e-20,0.0007707293,1.123,3.05e-05,0.1171155,100.0,C+,Y,N,N,0.000749,1.078
CDK13,2.38e-11,0.000707452,1.112,0.125,0.05503282,99.96,C+,Y,N,N,0.00258,1.052
CHGA,2.34e-19,0.004688696,2.02,5.8e-08,1.059072,18.02,C+,N,N,N,0.000676,1.875
CHL1,2.2e-25,0.001469335,1.247,0.896,0.006219208,99.82,C+,Y,N,N,0.186,1.057
CHM,4.14e-14,0.001233235,1.203,0.0632,0.1037303,98.43,C+,Y,N,N,0.371,1.021
CHORDC1,1.78e-16,0.001623575,1.276,8.44e-11,0.4427058,85.25,C+,N,N,N,0.0103,1.401
CLASP2,1.93e-17,0.0007644451,1.121,0.0073,0.08106077,100.0,C+,Y,N,N,0.114,1.027
CNOT4,7.06e-12,0.0009395339,1.151,0.0155,0.1135702,99.22,C+,Y,N,N,2.93e-06,1.129
CNOT6L,2.48e-11,0.001122633,1.183,0.00497,0.1612661,97.27,C+,Y,N,N,4.79e-05,1.127
CNTN1,5.75e-13,0.0006765069,1.107,0.000296,0.1134083,100.0,C+,Y,N,N,2.98e-07,1.166
CNTNAP2,6.53e-20,0.0009109579,1.146,0.0714,-0.05924252,100.0,C+,Y,N,N,9.91e-08,1.257
CSMD3,5.59e-42,0.001067431,1.174,0.00104,-0.08596332,100.0,C+,Y,N,N,0.000564,1.133
CSRNP3,7.34e-11,0.0006707293,1.106,0.742,-0.0113603,99.98,C+,Y,N,N,0.00934,1.071
CUL1,7.07e-11,0.0009476337,1.153,0.0871,0.0854429,99.02,C+,Y,N,N,0.0375,1.052
CYP4X1,8.72e-16,0.00213964,1.378,0.0022,0.2861956,73.13,C+,N,N,N,0.0491,0.917
DCDC2C,7.92e-17,0.005217287,2.187,0.000182,0.8075608,31.28,C+,N,N,N,1.16e-09,3.65
DDX5,1.13e-19,0.001289119,1.213,5.15e-05,0.1918613,99.86,C+,Y,N,N,0.166,0.936
DENND4A,3.31e-19,0.0009525562,1.154,0.12,0.0560079,99.98,C+,Y,N,N,2.66e-07,1.157
DLEU2,7.08e-13,0.001329883,1.221,0.00229,0.1884439,99.14,C+,Y,N,N,0.498,0.976
DLG2,1.95e-16,0.0004915701,1.077,0.815,0.00461282,100.0,C+,Y,N,N,0.000106,1.094
DMTF1,1.53e-21,0.001342815,1.223,3.97e-06,0.2242549,98.65,C+,Y,N,N,5.52e-08,1.28
DNAJC6,7.6e-11,0.0009511492,1.153,1.47e-09,0.2959536,99.69,C+,Y,N,N,0.0106,1.057
DNM1L,1.09e-14,0.001026104,1.166,0.00432,0.1293993,99.25,C+,Y,N,N,0.000423,0.892
DOPEY1,2.67e-12,0.0008020315,1.128,0.17,0.05353729,99.8,C+,Y,N,N,0.0067,1.055
DSCAM,2e-12,0.001150597,1.188,0.00295,0.1602796,98.96,C+,Y,N,N,9.71e-06,1.22
DYNC1I1,1.09e-38,0.001114915,1.182,0.179,0.03882456,100.0,C+,Y,N,N,0.00485,1.052
DYNC1I2,8.89e-12,0.0008968264,1.144,1.37e-05,0.1938842,99.31,C+,Y,N,N,0.386,1.044
DYRK1A,5.33e-21,0.001153623,1.189,0.098,0.06923646,99.78,C+,Y,N,N,2.3e-06,1.149
EIF4G3,7.01e-40,0.001159861,1.19,0.0178,0.07050181,100.0,C+,Y,N,N,0.000227,1.075
EPDR1,1.65e-12,0.003800594,1.768,0.0155,0.4850119,25.67,C+,N,N,N,3.65e-05,2.178
ERC1,7.56e-19,0.0006505319,1.102,0.588,0.01328357,100.0,C+,Y,N,N,4.94e-05,1.093
ERICH3,1.73e-15,0.001241622,1.205,0.113,0.08391535,99.1,C+,Y,N,N,0.164,0.965
EXOC4,3.23e-13,0.0006504525,1.102,5.06e-07,-0.1509574,100.0,C+,Y,N,N,0.0606,0.963
FAF1,4.29e-21,0.000915083,1.147,2.31e-07,0.1696754,100.0,C+,Y,N,N,0.164,1.038
FAM153B,3.68e-11,0.001054553,1.171,0.00038,0.190914,98.82,C+,Y,N,N,0.0112,1.119
FAM153C,8.76e-12,0.001346087,1.224,0.00052,0.2394974,89.29,C+,N,N,N,0.00186,1.245
FAM155A,9.11e-21,0.003941165,1.806,4.97e-07,0.6948662,81.41,C+,N,N,N,0.521,1.131
FAM169A,4.81e-11,0.001097523,1.179,0.518,-0.03680471,98.45,C+,Y,N,N,0.0863,1.047
FAM196B,3.04e-16,0.006392272,2.609,4.13e-07,1.358163,15.12,C+,N,N,N,0.00133,2.262
FBXO21,2.78e-12,0.001153216,1.189,4.68e-06,0.2608302,97.14,C+,Y,N,N,0.0321,1.065
FBXW7,1.09e-12,0.001112688,1.182,0.751,0.01668293,99.53,C+,Y,N,N,0.304,1.032
FGF12,2.29e-17,0.0009196411,1.148,0.879,0.005484406,99.98,C+,Y,N,N,0.692,0.992
FOCAD,1.19e-11,0.0006605738,1.104,0.983,0.0007096942,99.98,C+,Y,N,N,6.78e-06,1.17
FRMD4A,4.15e-18,0.001265148,1.209,0.00527,0.1343446,99.98,C+,Y,N,N,0.367,1.049
FTX,2.72e-77,0.00116838,1.192,2.44e-13,0.1531642,100.0,C+,Y,N,N,0.908,1.003
FXR1,1.97e-11,0.0009605163,1.155,1.53e-05,0.2107403,98.31,C+,Y,N,N,0.00143,1.218
GABRA2,2.28e-15,0.001190317,1.195,0.0327,0.1075457,99.69,C+,Y,N,N,0.0022,1.126
GABRG3,1.03e-22,0.001977124,1.345,0.0832,0.1166752,98.1,C+,Y,N,N,0.0013,0.877
GALNT11,2.21e-11,0.0008064207,1.129,0.034,-0.087513,99.82,C+,Y,N,N,4.15e-07,0.865
GDAP1,1.9e-11,0.0008677586,1.139,0.000907,0.1425048,99.98,C+,Y,N,N,9.29e-10,1.293
GDNF-AS1,1.24e-45,0.007890333,3.266,7.34e-15,1.443048,39.3,C+,N,N,N,5.94e-06,2.367
GLS,6.51e-27,0.001073391,1.175,0.115,0.05364744,100.0,C+,Y,N,N,0.544,1.01
GPATCH2,7.43e-17,0.001457248,1.244,0.194,0.07735233,98.33,C+,Y,N,N,0.331,0.947
GPATCH8,7.94e-29,0.001061168,1.173,6.75e-05,0.1291238,99.98,C+,Y,N,N,0.317,1.021
GPHN,3.35e-20,0.0007050358,1.112,0.234,0.03025252,100.0,C+,Y,N,N,0.353,1.036
GPM6A,2.47e-23,0.001658037,1.282,0.409,0.04594539,99.82,C+,Y,N,N,0.0533,1.14
GPR149,1.01e-17,0.001321292,1.219,0.00368,-0.1498078,99.86,C+,Y,N,N,0.626,0.959
GRIA1,9.93e-25,0.001205957,1.198,0.783,0.01084964,99.98,C+,Y,N,N,0.000268,1.171
GSTA4,2.46e-13,0.001200316,1.197,0.00902,0.1481589,96.78,C+,Y,N,N,0.00112,1.144
GTF2A1,4.76e-11,0.001484735,1.249,0.967,0.003240353,88.66,C+,N,N,N,0.246,0.957
HGSNAT,1.04e-13,0.001172533,1.192,0.396,0.04593919,99.16,C+,Y,N,N,0.0076,0.817
HLTF,1.24e-14,0.001255785,1.207,9.35e-09,0.3178182,96.96,C+,Y,N,N,0.498,1.018
HMBOX1,3.15e-11,0.0009413022,1.152,0.242,0.05649534,99.25,C+,Y,N,N,0.0014,1.097
HMGN1,8.35e-11,0.001515732,1.255,0.000171,0.3041067,78.7,C+,N,N,N,0.011,0.871
HNRNPA2B1,3.45e-11,0.0009983091,1.162,2.35e-10,0.3244075,98.04,C+,Y,N,N,0.304,1.048
HNRNPD,6.48e-14,0.001306932,1.217,2.25e-09,0.3596655,94.51,C+,Y,N,N,0.179,1.044
HSPA12A,1.1e-13,0.0009018559,1.145,0.459,0.03064982,99.96,C+,Y,N,N,0.0021,1.173
ILDR2,1.1e-13,0.007234864,2.96,0.0023,1.079518,6.63,C+,N,N,N,0.000564,0.867
INPP4B,7.3e-22,0.001319012,1.219,0.55,0.02723651,99.98,C+,Y,N,N,4.81e-07,1.204
INTS6,1.26e-13,0.001649827,1.281,0.00891,0.1979504,93.33,C+,Y,N,N,0.0134,1.088
INTU,4.93e-11,0.0009057678,1.146,0.185,0.06203839,99.67,C+,Y,N,N,0.317,1.046
JAKMIP2,1.22e-13,0.0008353087,1.133,0.424,0.03054607,99.96,C+,Y,N,N,0.0491,1.053
JPX,3.97e-11,0.0007170808,1.114,4.77e-07,0.1838128,100.0,C+,Y,N,N,0.0338,0.894
KANSL1,5.19e-18,0.0008551592,1.137,0.0227,0.07560899,100.0,C+,Y,N,N,0.0541,1.126
KDM5A,4.3e-12,0.0009125379,1.147,0.0329,0.09712209,99.55,C+,Y,N,N,3.76e-05,1.118
KIAA0825,9.92e-30,0.002024187,1.355,3.52e-10,0.3753655,99.33,C+,Y,N,N,0.00552,1.123
KIAA1109,2.47e-15,0.0008367901,1.134,0.00849,0.09457859,99.98,C+,Y,N,N,0.00529,1.09
KIDINS220,4.55e-12,0.0008807341,1.141,0.0594,0.08192829,99.69,C+,Y,N,N,9.53e-08,1.171
KIF21A,1.99e-22,0.001454577,1.244,0.00134,0.1631104,99.29,C+,Y,N,N,0.00173,1.105
KIF3A,3.12e-11,0.0008010138,1.128,6.15e-06,0.1857523,99.76,C+,Y,N,N,0.744,1.001
KIFAP3,1.71e-16,0.001014467,1.164,0.000326,0.1503321,99.88,C+,Y,N,N,0.000253,1.137
KIZ,2.23e-19,0.001296221,1.215,0.463,0.03629382,99.53,C+,Y,N,N,0.000594,1.125
KMT2C,2.04e-13,0.0007741501,1.123,0.0267,0.07907548,99.98,C+,Y,N,N,0.263,1.017
KMT2E,5.6e-12,0.0007987915,1.127,3.37e-05,0.1629251,99.92,C+,Y,N,N,7.48e-06,1.13
KSR2,7.11e-26,0.0009561342,1.154,0.011,0.07874762,100.0,C+,Y,N,N,0.0254,1.066
LCLAT1,4.42e-11,0.00128246,1.212,0.196,0.08548343,95.57,C+,Y,N,N,0.434,0.957
LINC00632,8.82e-13,0.0007811504,1.124,0.178,0.04957083,99.61,C+,Y,N,N,0.0332,1.073
LINC00882,1.07e-14,0.001130904,1.185,0.04,0.1002357,99.78,C+,Y,N,N,3.59e-06,1.136
LINC00886,4.06e-17,0.00779922,3.222,2.42e-10,2.024396,10.55,C+,N,N,N,2.47e-12,3.79
LINC01006,4.81e-11,0.001808244,1.312,0.722,0.03356484,85.45,C+,N,N,N,0.00356,0.817
LINC01105,5.3e-11,0.001099316,1.179,0.183,0.07612463,98.45,C+,Y,N,N,0.166,1.054
LINC01135,4.26e-11,0.004306946,1.908,0.0301,0.4917391,27.75,C+,N,N,N,8.03e-11,2.312
LINC01184,9.73e-13,0.001117132,1.182,0.463,0.03884273,99.61,C+,Y,N,N,0.0606,0.903
LINC01376,2.56e-11,0.002478141,1.45,0.0623,0.2332076,69.15,C+,N,N,N,0.11,0.916
LINC01473,8.78e-13,0.003118149,1.596,0.591,0.08284429,46.24,C+,N,N,N,2.38e-07,1.373
LINC02062,4.02e-15,0.001825456,1.315,4.05e-11,0.521925,88.43,C+,N,N,N,5.74e-06,1.328
LINC02223,7.89e-18,0.008013662,3.327,0.0619,0.6211976,12.98,C+,N,N,N,0.00475,1.744
LRP1B,3.83e-12,0.0007349545,1.117,0.0276,0.07690259,100.0,C+,Y,N,N,0.00744,1.112
LRRC4C,1.89e-12,0.0005259834,1.082,0.0178,-0.05850802,100.0,C+,Y,N,N,0.0112,1.089
LRRTM4,7.28e-11,0.0006617126,1.104,0.000375,-0.118843,100.0,C+,Y,N,N,0.221,1.046
LSM14A,5.87e-13,0.001178491,1.193,0.749,0.01816801,97.35,C+,Y,N,N,0.00143,1.08
MAGI2,5.6e-54,0.001323825,1.22,4.97e-10,0.1774617,100.0,C+,Y,N,N,1.51e-07,1.19
MAGI2-AS3,1.62e-22,0.004058668,1.838,1.03e-16,1.213733,36.48,C+,N,N,N,3.21e-07,1.811
MAMDC2,5.93e-15,0.004244763,1.89,5.79e-05,0.7559778,27.38,C+,N,N,N,0.122,0.789
MAMDC2-AS1,3.45e-13,0.003494337,1.689,9.14e-05,0.6396765,45.75,C+,N,N,N,2.29e-07,1.587
MAP2,1.39e-12,0.0006358809,1.1,0.498,0.02022497,100.0,C+,Y,N,N,1.32e-09,1.429
MAP7,1.22e-16,0.0007337,1.116,0.0535,0.05739425,100.0,C+,Y,N,N,1.57e-07,1.19
MAPK10,5.63e-39,0.001310746,1.217,3.74e-05,0.1387332,100.0,C+,Y,N,N,1.87e-09,1.224
MAPK8,5.09e-11,0.0009081961,1.146,0.000158,0.1755623,99.78,C+,Y,N,N,0.406,1.027
MARK1,4.94e-12,0.0009314778,1.15,0.137,0.06858836,99.86,C+,Y,N,N,0.000964,1.099
MAST1,7.81e-20,0.003883909,1.791,1.3e-07,0.805976,32.93,C+,N,N,N,4.71e-08,1.725
MATR3,1.36e-16,0.0008776421,1.141,0.00133,0.1151067,99.94,C+,Y,N,N,0.251,1.063
MBD5,5.5e-11,0.0005270479,1.082,0.529,0.01690488,100.0,C+,Y,N,N,3.97e-06,1.133
MCF2L2,2.66e-22,0.0008992199,1.144,0.0132,0.07786614,100.0,C+,Y,N,N,0.000253,1.104
MED27,1.41e-11,0.001024578,1.166,1.34e-06,0.2511263,99.14,C+,Y,N,N,0.186,0.967
MEF2C-AS1,4.51e-12,0.00246527,1.447,0.000541,0.4127956,76.78,C+,N,N,N,1.51e-06,1.471
MEF2C-AS2,9.18e-11,0.003070631,1.585,0.000757,0.5501957,38.77,C+,N,N,N,1.52e-05,0.704
MICU1,3.11e-24,0.001295655,1.215,0.000297,0.1561311,99.86,C+,Y,N,N,0.101,1.057
MICU3,1.56e-18,0.001002542,1.162,0.0702,0.07061121,99.94,C+,Y,N,N,0.606,0.994
MIR100HG,8.66e-19,0.001193342,1.196,1.98e-05,0.1938531,99.92,C+,Y,N,N,0.294,0.962
MIR124-2HG,3.84e-12,0.001360886,1.226,0.345,0.06477791,92.63,C+,Y,N,N,0.386,0.955
MIR137HG,1.03e-24,0.001217328,1.2,0.0196,-0.09350098,99.96,C+,Y,N,N,7.48e-06,1.257
MIR99AHG,6.12e-33,0.00219113,1.389,6.42e-14,0.4578444,99.61,C+,Y,N,N,0.00475,1.133
MLLT10,5.85e-20,0.0009240786,1.149,0.00574,0.09505252,99.9,C+,Y,N,N,0.463,0.986
MON2,1.56e-12,0.0008380592,1.134,9.72e-08,0.2139879,99.9,C+,Y,N,N,0.494,1.018
MPP7,6.89e-18,0.00158753,1.269,0.0971,0.1051065,97.1,C+,Y,N,N,0.257,1.068
MPPED2,4.15e-14,0.001027315,1.167,0.204,0.05806574,99.92,C+,Y,N,N,0.512,1.022
MYCBP2,2.71e-29,0.0009660212,1.156,1.17e-06,0.1407267,99.98,C+,Y,N,N,0.149,1.037
N4BP2L2,7.98e-18,0.0007191034,1.114,7.12e-07,0.1400394,100.0,C+,Y,N,N,3.58e-07,1.137
NAALAD2,5.44e-16,0.001386373,1.231,1.2e-05,0.256482,96.55,C+,Y,N,N,0.00214,1.181
NALCN,4.13e-20,0.00104742,1.17,6.49e-05,0.153426,99.98,C+,Y,N,N,0.0119,1.091
NAPB,3.27e-16,0.001841539,1.318,0.0606,0.1465296,86.61,C+,N,N,N,0.503,1.0
NBAS,2.53e-22,0.0009090431,1.146,0.923,-0.003084577,100.0,C+,Y,N,N,0.172,1.016
NCOA1,5.1e-24,0.001004286,1.163,0.000479,0.1165224,99.98,C+,Y,N,N,1.84e-05,1.135
NDFIP1,1.5e-15,0.001030918,1.167,3.39e-05,0.1816546,99.57,C+,Y,N,N,0.36,0.964
NDFIP2,1.19e-13,0.001338122,1.222,0.0569,0.1166421,96.18,C+,Y,N,N,0.0112,1.146
NEK10,1.97e-17,0.0009471581,1.153,0.161,-0.05277002,99.98,C+,Y,N,N,0.952,0.99
NIPAL2,5.97e-17,0.002222225,1.396,0.00112,0.2915767,85.76,C+,N,N,N,9.56e-07,1.301
NIPBL,7.76e-12,0.0008344629,1.133,0.00617,0.1127828,99.94,C+,Y,N,N,0.000261,1.089
NOL4,9.81e-16,0.001311289,1.217,0.345,-0.05274987,99.45,C+,Y,N,N,0.0208,1.091
NORAD,4.21e-11,0.001608384,1.273,2.96e-09,0.4746841,82.37,C+,N,N,N,0.0117,0.821
NRF1,3.86e-15,0.001104404,1.18,0.133,0.07195361,99.67,C+,Y,N,N,4.11e-06,1.136
NRG1,2.08e-17,0.001504187,1.253,0.0739,-0.1043082,99.55,C+,Y,N,N,0.26,0.984
NRXN3,3.14e-32,0.0007882012,1.126,1.68e-05,0.09460704,100.0,C+,Y,N,N,0.0166,1.058
NSD3,7.21e-11,0.0007180357,1.114,2.91e-06,0.174688,99.98,C+,Y,N,N,0.000579,1.072
NUP58,8.17e-12,0.001140329,1.187,0.00137,0.1849751,95.61,C+,Y,N,N,0.317,0.947
PAPOLA,4.79e-13,0.001011709,1.164,0.0563,0.09164641,99.14,C+,Y,N,N,3.33e-05,1.247
PBRM1,4.93e-11,0.000998187,1.162,0.0186,0.123117,99.1,C+,Y,N,N,0.00518,1.054
PCNX1,5.94e-14,0.0007172496,1.114,0.897,0.004183866,99.98,C+,Y,N,N,0.196,1.015
PCNX2,1.79e-42,0.001339616,1.223,1.05e-07,0.1770216,99.98,C+,Y,N,N,0.0606,1.039
PDZRN4,3.76e-12,0.009682161,4.273,0.000265,1.823148,5.04,C+,N,N,N,0.913,1.061
PGAP1,5.78e-16,0.001453706,1.244,4.69e-06,0.2787803,97.1,C+,Y,N,N,0.0241,1.173
PHC3,3.31e-11,0.0007625409,1.121,0.00533,0.1088163,99.96,C+,Y,N,N,0.0338,1.047
PHF3,5.81e-15,0.001044842,1.17,0.166,0.06331474,99.63,C+,Y,N,N,3.72e-08,1.233
PHTF1,2.47e-13,0.001256842,1.207,0.000745,0.2000933,96.55,C+,Y,N,N,0.055,1.058
PIAS1,1.08e-11,0.0008225626,1.131,0.174,0.05569534,99.9,C+,Y,N,N,0.525,1.012
POLR2A,7.92e-11,0.001575973,1.267,2.98e-10,0.5262723,79.21,C+,N,N,N,0.0915,0.929
PPA2,5.1e-16,0.001355566,1.225,0.233,0.06820197,98.12,C+,Y,N,N,0.0765,1.046
PPM1B,8.03e-13,0.001016112,1.165,0.0177,0.1160037,98.96,C+,Y,N,N,0.216,1.031
PPP1R12B,1.12e-11,0.0007538493,1.12,0.058,0.07101099,99.98,C+,Y,N,N,0.109,1.04
PPP4R4,3.06e-17,0.001304996,1.216,1.76e-05,0.2242701,99.47,C+,Y,N,N,0.53,0.969
PRKCI,2.49e-17,0.0011239,1.184,1.02e-06,0.2227183,99.73,C+,Y,N,N,0.0157,1.078
PSIP1,1.64e-12,0.000926516,1.149,2.85e-07,0.2298134,99.63,C+,Y,N,N,0.0788,1.057
PSPC1,7.83e-15,0.0009499588,1.153,0.00579,0.1154526,99.73,C+,Y,N,N,0.00264,1.093
PTPRD,1.54e-12,0.0007183822,1.114,0.0538,0.06447663,100.0,C+,Y,N,N,0.0129,1.155
PUS7L,1.33e-15,0.0013713,1.228,0.000286,0.2126153,95.72,C+,Y,N,N,0.153,1.113
PWAR1,2.25e-13,0.001182772,1.194,0.221,0.06933831,96.0,C+,Y,N,N,1.06e-08,1.277
PWAR5,1.25e-11,0.001111373,1.181,0.952,-0.003404487,95.59,C+,Y,N,N,0.00161,1.19
PWAR6,9.46e-14,0.0007966294,1.127,0.0129,0.08932701,99.92,C+,Y,N,N,0.035,1.072
RAB11A,5.73e-16,0.001403985,1.234,7.49e-05,0.2268126,98.51,C+,Y,N,N,9.45e-05,0.706
RAB3C,1.03e-12,0.001212051,1.199,0.218,0.07090708,99.27,C+,Y,N,N,0.0129,1.128
RBM5,2.6e-12,0.001031738,1.167,0.0558,0.09767297,97.29,C+,Y,N,N,0.147,1.028
REPS1,3.02e-13,0.00103855,1.169,0.0362,0.10219,99.16,C+,Y,N,N,0.00236,1.095
REV3L,4.33e-20,0.001245624,1.205,3.38e-09,0.2692784,99.94,C+,Y,N,N,0.0294,1.063
RFWD2,5.49e-12,0.0006660608,1.105,0.0872,-0.0559221,99.98,C+,Y,N,N,0.0625,1.029
RICTOR,2.1e-11,0.0009410544,1.152,1.32e-06,0.2293252,99.35,C+,Y,N,N,0.0437,1.054
RIMS2,1.13e-16,0.0006158802,1.097,0.587,-0.01335966,100.0,C+,Y,N,N,0.000119,1.109
RIT2,6.37e-16,0.001200602,1.197,0.746,-0.01608178,99.86,C+,Y,N,N,0.0172,1.117
ROBO1,5.48e-25,0.001323738,1.22,0.0271,-0.09352963,100.0,C+,Y,N,N,0.0197,1.167
RTN3,1.04e-25,0.001121378,1.183,4.45e-07,0.1826123,100.0,C+,Y,N,N,3.24e-06,1.176
SCN2A,2.73e-22,0.0008150971,1.13,0.465,0.0206994,100.0,C+,Y,N,N,0.000215,1.099
SERGEF,7.95e-12,0.001188143,1.195,0.0472,0.117102,98.45,C+,Y,N,N,0.331,0.998
SETD2,5.72e-12,0.0007668437,1.122,1.86e-05,0.1627925,99.92,C+,Y,N,N,0.00112,1.06
SEZ6L,1.79e-18,0.005007493,2.119,7.56e-05,0.7684133,35.56,C+,N,N,N,1.87e-09,4.001
SGCZ,9.04e-12,0.0009451383,1.152,0.000778,-0.1534868,99.9,C+,Y,N,N,0.147,1.073
SGSM1,3.43e-15,0.001016354,1.165,0.0886,0.07540125,99.61,C+,Y,N,N,4.81e-07,1.284
SHANK2,5.66e-16,0.001024662,1.166,0.165,0.06037874,99.8,C+,Y,N,N,0.766,1.006
SLC22A25,3.29e-11,0.004111585,1.853,0.315,0.2194411,28.85,C+,N,N,N,0.451,1.227
SLC36A1,2.32e-14,0.001867174,1.323,1.21e-05,0.3738846,79.19,C+,N,N,N,6.56e-06,1.34
SLC38A6,2.97e-18,0.0009843744,1.159,0.855,-0.007106018,99.94,C+,Y,N,N,0.193,1.023
SLC4A10,1.18e-13,0.0008215901,1.131,0.0505,0.07282786,100.0,C+,Y,N,N,0.00085,1.084
SMC5-AS1,1.07e-20,0.004313375,1.91,0.0122,0.4048093,41.85,C+,N,N,N,3.54e-05,1.326
SNHG14,2.97e-61,0.001129677,1.185,0.00144,0.07181421,100.0,C+,Y,N,N,5.17e-07,1.14
SNTG1,2.78e-13,0.0006109426,1.096,1.94e-07,-0.1434794,100.0,C+,Y,N,N,0.000917,1.099
SON,2.99e-16,0.001173312,1.192,1.13e-13,0.3619609,98.9,C+,Y,N,N,0.41,0.981
SPECC1,1.38e-16,0.001709639,1.292,0.00217,0.2166484,92.59,C+,Y,N,N,0.00036,1.343
SPIN1,2.24e-15,0.001026093,1.166,4.84e-08,0.2400199,99.8,C+,Y,N,N,0.00036,1.127
SRGAP3,3.08e-19,0.001486951,1.25,0.00742,0.1515473,98.08,C+,Y,N,N,0.544,1.081
SRPK2,1.07e-16,0.0009665741,1.156,0.00111,0.1281869,99.94,C+,Y,N,N,0.000749,1.109
SRRM2,1.96e-12,0.0008816541,1.141,0.000527,0.1517319,99.43,C+,Y,N,N,0.0475,1.103
ST3GAL5,3.2e-11,0.001119367,1.183,8.16e-08,0.3031901,96.63,C+,Y,N,N,8.81e-06,0.841
STAU2,7.47e-16,0.001205054,1.198,0.0589,0.09557346,99.61,C+,Y,N,N,0.0499,1.07
STOX2,4.08e-18,0.0009926381,1.161,0.892,-0.005235292,99.98,C+,Y,N,N,6.34e-06,0.897
STRN3,1.34e-15,0.001214949,1.2,0.000894,0.1721382,99.35,C+,Y,N,N,0.00776,1.061
STXBP5,1.49e-14,0.0009288771,1.15,0.331,-0.03928992,100.0,C+,Y,N,N,0.0507,1.057
SUPT3H,4.05e-11,0.0009127453,1.147,0.693,0.01820736,99.94,C+,Y,N,N,0.692,1.01
SV2B,6.81e-13,0.001740979,1.298,0.303,0.08460973,91.78,C+,Y,N,N,0.0338,0.876
SYBU,1.03e-13,0.0009245975,1.149,0.145,-0.06101289,99.94,C+,Y,N,N,0.000401,1.127
TAPT1-AS1,3.27e-26,0.001730979,1.296,0.00195,0.1719562,99.1,C+,Y,N,N,4.12e-05,1.205
TARBP1,1.41e-12,0.0007382142,1.117,0.00635,0.09725486,99.94,C+,Y,N,N,0.00897,0.866
TBC1D5,6.7e-13,0.0007474808,1.119,0.0558,0.06643713,99.96,C+,Y,N,N,0.155,1.033
TBCK,7.79e-36,0.001987817,1.347,2.77e-05,0.2252263,99.43,C+,Y,N,N,2.23e-05,1.156
TENM4,2.37e-13,0.0008498406,1.136,0.000207,0.1446855,100.0,C+,Y,N,N,0.162,1.083
THOC1,5.48e-14,0.001227883,1.202,0.286,0.06030875,97.45,C+,Y,N,N,0.213,0.95
TIA1,7.27e-16,0.00146613,1.246,2.93e-05,0.2633863,91.55,C+,Y,N,N,0.525,0.993
TIAM2,3.05e-12,0.001007388,1.163,0.5,-0.03319973,99.57,C+,Y,N,N,1.04e-05,1.135
TMEM232,4.16e-14,0.001458544,1.245,0.746,0.02082185,99.45,C+,Y,N,N,0.0163,1.094
TNRC6A,8.09e-45,0.001175985,1.193,1.92e-23,0.2795534,100.0,C+,Y,N,N,0.00055,1.1
TNRC6C,1.98e-11,0.0007680828,1.122,2.47e-07,0.2004833,99.94,C+,Y,N,N,0.000642,1.098
TP53BP1,3.7e-14,0.001113703,1.182,8.85e-07,0.2500136,98.61,C+,Y,N,N,0.011,1.075
TRA2A,5.25e-14,0.0009271658,1.149,0.000531,0.1464354,99.76,C+,Y,N,N,0.000109,1.142
TRIP12,6.24e-15,0.0008577074,1.137,0.0891,0.06369401,99.98,C+,Y,N,N,0.0388,1.042
TRPC1,4.49e-13,0.001116957,1.182,0.0491,0.1039629,98.96,C+,Y,N,N,0.00475,1.066
TTC3,2.42e-19,0.0006980805,1.11,0.00162,0.08200394,100.0,C+,Y,N,N,0.144,0.973
TTC39C,4.97e-12,0.001461064,1.245,0.233,-0.08716999,94.16,C+,Y,N,N,0.0112,1.1
TTC8,8.84e-24,0.001767523,1.304,0.00539,0.1667269,98.06,C+,Y,N,N,0.394,0.932
UBE2E2,1.52e-19,0.001105509,1.18,0.28,0.04400852,99.98,C+,Y,N,N,2.59e-08,1.309
UBN2,5.32e-12,0.0008608188,1.138,1.67e-06,0.2048457,99.55,C+,Y,N,N,3.76e-05,1.105
UBQLN1,1.1e-14,0.001363271,1.227,4.1e-06,0.2801093,94.0,C+,Y,N,N,0.0022,1.111
UBR2,1.69e-14,0.0009776068,1.158,4.54e-08,0.2380747,99.49,C+,Y,N,N,4.54e-06,1.185
UBR3,8.11e-17,0.0007194183,1.114,0.279,-0.0316627,99.98,C+,Y,N,N,0.0577,1.031
UBR5,1.5e-16,0.0007857029,1.125,0.449,0.02443635,100.0,C+,Y,N,N,0.00047,1.098
UBXN4,1.09e-11,0.000992215,1.16,1.81e-07,0.261545,98.55,C+,Y,N,N,0.0101,1.061
UNC79,1.2e-14,0.000691738,1.109,0.00461,-0.08519374,100.0,C+,Y,N,N,0.0742,0.966
UPP2,5.95e-17,0.001776185,1.305,8.58e-05,0.2787846,97.31,C+,Y,N,N,0.0126,1.173
USP24,2.18e-12,0.00094917,1.153,0.000138,0.1764787,99.33,C+,Y,N,N,0.0889,1.043
USP34,3.89e-16,0.000756461,1.12,0.00234,0.09601872,100.0,C+,Y,N,N,0.000283,1.091
USP47,8.18e-16,0.0009549153,1.154,3.1e-06,0.1873559,99.92,C+,Y,N,N,8.96e-09,1.185
UTY,1.69e-15,0.001555981,1.263,0.567,-0.03343544,32.87,C+,N,N,N,0.0788,1.143
VEZT,1.62e-21,0.001134305,1.185,3.68e-05,0.1691446,99.88,C+,Y,N,N,0.908,0.974
VPS13B,2.75e-12,0.0006743242,1.106,0.819,0.007443969,100.0,C+,Y,N,N,0.0034,1.061
VPS13C,7.84e-22,0.001106982,1.181,3.31e-05,0.1634794,99.94,C+,Y,N,N,1.68e-06,1.184
VWDE,3.5e-11,0.001865917,1.323,0.67,-0.04163365,76.29,C+,N,N,N,0.0559,1.077
WDFY2,9.65e-11,0.00182668,1.315,2.2e-07,0.4989599,77.41,C+,N,N,N,0.151,1.119
WDR78,4.66e-11,0.001717076,1.294,1.42e-05,0.3857997,84.33,C+,N,N,N,0.000109,1.188
WNK1,6.13e-12,0.0007597344,1.121,9.43e-06,0.1652975,99.98,C+,Y,N,N,6.46e-05,1.122
WNK2,2.44e-19,0.001185468,1.195,0.0879,0.07799411,99.51,C+,Y,N,N,0.925,1.027
XIST,1.54e-14,0.0005921971,1.093,0.0644,0.05114214,69.88,C+,N,N,N,0.728,1.021
XPR1,5.56e-11,0.0008625768,1.138,0.575,0.02505156,99.67,C+,Y,N,N,0.129,1.056
YWHAG,3.71e-11,0.00121448,1.2,9e-05,0.2410905,94.96,C+,Y,N,N,0.26,0.984
ZBTB20,6e-13,0.000857904,1.137,4.89e-05,0.160656,100.0,C+,Y,N,N,0.00169,1.173
ZCCHC17,6.06e-13,0.001394235,1.233,4.5e-06,0.3059739,93.39,C+,Y,N,N,0.661,1.026
ZDHHC20,6.68e-11,0.001018921,1.165,0.000168,0.2005412,98.25,C+,Y,N,N,1.41e-06,1.147
ZDHHC21,1.23e-20,0.001311519,1.217,2e-09,0.289845,99.29,C+,Y,N,N,0.0321,1.08
ZEB1,1.14e-11,0.0009065897,1.146,0.855,0.008196397,99.92,C+,Y,N,N,5.94e-06,1.138
ZFAND3,2.21e-11,0.0006185513,1.097,0.282,0.03358826,100.0,C+,Y,N,N,0.0402,1.035
ZMYM2,2.97e-21,0.000907536,1.146,0.0848,0.05612152,99.98,C+,Y,N,N,0.0129,1.061
ZMYM4,6.86e-11,0.0009031392,1.145,0.234,-0.05649132,99.53,C+,Y,N,N,0.0321,1.063
ZNF493,3.61e-11,0.001047619,1.17,0.749,-0.01760014,97.67,C+,Y,N,N,3.87e-09,1.273
ZNF528,1.7e-11,0.001226972,1.202,0.108,0.1029238,93.1,C+,Y,N,N,0.131,0.924
ZNF609,2.66e-14,0.0009757832,1.158,0.000161,0.1639502,99.96,C+,Y,N,N,0.191,1.053
ZNF638,1.38e-22,0.0008015946,1.128,0.000728,0.09409768,100.0,C+,Y,N,N,1.79e-09,1.211
ZNF831,7.93e-15,0.001673124,1.285,0.367,-0.06792252,91.45,C+,Y,N,N,7.73e-06,1.259
